<?xml version="1.0" encoding="ISO-8859-1"?>
<!-- Be careful to write the static overlay xml                             -->
<!-- 1. do not create the new path name here, the new path name should      -->
<!--    be created in common mixer path xml                                 -->
<!-- 2. the new path name should not contain the nested path, and should be -->
<!--    defined follow after default ctrl                                   -->
<!-- 3. the default ctl here will override that in common mixer path xml    -->
<!-- 4. the first level path will replace the path in common mixer path xml -->
<!-- 5. the max nested path can't exceed 10                                 -->

<mixer>
        <ctl name="COMP1 Switch" value="0" />
        <ctl name="COMP2 Switch" value="0" />
        <ctl name="HPHL Volume" value="17" />
        <ctl name="HPHR Volume" value="17" />
        <ctl name="RX1 Digital Volume" value="83" />
        <ctl name="RX2 Digital Volume" value="83" />

    <path name="headphones">
        <ctl name="COMP1 Switch" value="0" />
        <ctl name="COMP2 Switch" value="0" />
        <ctl name="HPHL Volume" value="17" />
        <ctl name="HPHR Volume" value="17" />
        <ctl name="RX1 Digital Volume" value="83" />
        <ctl name="RX2 Digital Volume" value="83" />
    </path>

    <path name="headphones-44.1">
        <ctl name="COMP1 Switch" value="0" />
        <ctl name="COMP2 Switch" value="0" />
        <ctl name="HPHL Volume" value="17" />
        <ctl name="HPHR Volume" value="17" />
        <ctl name="RX1 Digital Volume" value="83" />
        <ctl name="RX2 Digital Volume" value="83" />
    </path>

    <path name="voice-headphones">
        <ctl name="COMP1 Switch" value="0" />
        <ctl name="COMP2 Switch" value="0" />
        <ctl name="HPHL Volume" value="20" />
        <ctl name="HPHR Volume" value="20" />
        <ctl name="RX1 Digital Volume" value="84" />
        <ctl name="RX2 Digital Volume" value="84" />
    </path>
</mixer>
