<?xml version="1.0" encoding="ISO-8859-1"?>
<!-- Be careful to write the static overlay xml                             -->
<!-- 1. do not create the new path name here, the new path name should      -->
<!--    be created in common mixer path xml                                 -->
<!-- 2. the new path name should not contain the nested path, and should be -->
<!--    defined follow after default ctrl                                   -->
<!-- 3. the default ctl here will override that in common mixer path xml    -->
<!-- 4. the first level path will replace the path in common mixer path xml -->
<!-- 5. the max nested path can't exceed 10                                 -->

<mixer>
    <ctl name="QUAT_MI2S_RX_Voice Mixer VoiceMMode1" value="0" />
    <ctl name="QUAT_MI2S_RX_Voice Mixer VoiceMMode2" value="0" />
    <ctl name="QUAT_MI2S_RX_Voice Mixer Voip" value="0" />
    <ctl name="ADC3 Volume" value="12" />
    <!-- Ultrasound -->
    <ctl name="SLIM RX7 MUX" value="ZERO" />
    <ctl name="Ultrasound Power" value="Off" />
    <ctl name="Ultrasound Latency" value="OFF" />
    <ctl name="Ultrasound Sensitivity" value="OFF" />
    <ctl name="Ultrasound Enable" value="Off" />
    <!-- smart pa default config -->
    <ctl name="Program" value="0" />
    <ctl name="Configuration" value="14" />
    <ctl name="TAS2559 DAC Playback Volume" value="15" />
    <ctl name="VBoost Volt" value="5.6V" />
    <ctl name="VBoost Ctrl" value="Default" />
    <ctl name="QUAT_MI2S_RX Channels" value="Two" />
    <ctl name="QUAT_MI2S_RX Format" value="S24_LE" />
    <ctl name="QUAT_MI2S_RX SampleRate" value="KHZ_48" />
    <ctl name="QUAT_MI2S_TX Channels" value="Two" />
    <ctl name="QUAT_MI2S_TX Format" value="S24_LE" />
    <ctl name="QUAT_MI2S_TX SampleRate" value="KHZ_48" />
    <ctl name="External AMIC2 Mux" value="Dual_ADC" />

    <path name="deep-buffer-playback speaker-protected">
        <path name="deep-buffer-playback speaker" />
    </path>

    <path name="deep-buffer-playback speaker-and-display-port">
        <path name="deep-buffer-playback display-port" />
        <path name="deep-buffer-playback speaker" />
    </path>

    <path name="deep-buffer-playback speaker-and-usb-headphones">
        <path name="deep-buffer-playback usb-headphones" />
        <path name="deep-buffer-playback speaker" />
    </path>

    <path name="deep-buffer-playback speaker-and-headphones">
        <path name="deep-buffer-playback headphones" />
        <path name="deep-buffer-playback speaker" />
    </path>

    <path name="deep-buffer-playback speaker-and-bt-sco">
        <path name="deep-buffer-playback bt-sco" />
        <path name="deep-buffer-playback speaker" />
    </path>

    <path name="deep-buffer-playback speaker-and-bt-sco-wb">
        <path name="deep-buffer-playback bt-sco-wb" />
        <path name="deep-buffer-playback speaker" />
    </path>

    <path name="deep-buffer-playback speaker-and-bt-a2dp">
        <path name="deep-buffer-playback bt-a2dp" />
        <path name="deep-buffer-playback speaker" />
    </path>

    <path name="low-latency-playback speaker-protected">
        <path name="low-latency-playback speaker" />
    </path>

    <path name="low-latency-playback speaker-and-display-port">
        <path name="low-latency-playback display-port" />
        <path name="low-latency-playback speaker" />
    </path>

    <path name="low-latency-playback speaker-and-usb-headphones">
        <path name="low-latency-playback usb-headphones" />
        <path name="low-latency-playback speaker" />
    </path>

    <path name="low-latency-playback speaker-and-headphones">
        <path name="low-latency-playback headphones" />
        <path name="low-latency-playback speaker" />
    </path>

    <path name="low-latency-playback speaker-and-bt-sco">
        <path name="low-latency-playback bt-sco" />
        <path name="low-latency-playback speaker" />
    </path>

    <path name="low-latency-playback speaker-and-bt-sco-wb">
        <path name="low-latency-playback bt-sco-wb" />
        <path name="low-latency-playback speaker" />
    </path>

    <path name="low-latency-playback speaker-and-bt-a2dp">
        <path name="low-latency-playback bt-a2dp" />
        <path name="low-latency-playback speaker" />
    </path>

    <path name="audio-ull-playback speaker-protected">
        <path name="audio-ull-playback speaker" />
    </path>

    <path name="audio-ull-playback speaker-and-headphones">
        <path name="audio-ull-playback speaker" />
        <path name="audio-ull-playback headphones" />
    </path>

    <path name="audio-ull-playback speaker-and-display-port">
        <path name="audio-ull-playback display-port" />
        <path name="audio-ull-playback speaker" />
    </path>

    <path name="audio-ull-playback speaker-and-bt-sco">
        <path name="audio-ull-playback bt-sco" />
        <path name="audio-ull-playback speaker" />
    </path>

    <path name="audio-ull-playback speaker-and-bt-a2dp">
        <path name="audio-ull-playback bt-a2dp" />
        <path name="audio-ull-playback speaker" />
    </path>

    <path name="audio-ull-playback speaker-and-bt-sco-wb">
        <path name="audio-ull-playback bt-sco-wb" />
        <path name="audio-ull-playback speaker" />
    </path>

    <path name="compress-offload-playback speaker-protected">
        <path name="compress-offload-playback speaker" />
    </path>

    <path name="compress-offload-playback speaker-and-display-port">
        <path name="compress-offload-playback display-port" />
        <path name="compress-offload-playback speaker" />
    </path>

    <path name="compress-offload-playback speaker-and-usb-headphones">
        <path name="compress-offload-playback usb-headphones" />
        <path name="compress-offload-playback speaker" />
    </path>

    <path name="compress-offload-playback speaker-and-headphones">
        <path name="compress-offload-playback headphones" />
        <path name="compress-offload-playback speaker" />
    </path>

    <path name="compress-offload-playback speaker-and-bt-sco">
        <path name="compress-offload-playback bt-sco" />
        <path name="compress-offload-playback speaker" />
    </path>

    <path name="compress-offload-playback speaker-and-bt-a2dp">
        <path name="compress-offload-playback bt-a2dp" />
        <path name="compress-offload-playback speaker" />
    </path>

    <path name="compress-offload-playback speaker-and-bt-sco-wb">
        <path name="compress-offload-playback bt-sco-wb" />
        <path name="compress-offload-playback speaker" />
    </path>

    <path name="compress-offload-playback2 speaker-and-display-port">
        <path name="compress-offload-playback2 display-port" />
        <path name="compress-offload-playback2 speaker" />
    </path>

    <path name="compress-offload-playback2 speaker-and-usb-headphones">
        <path name="compress-offload-playback2 usb-headphones" />
        <path name="compress-offload-playback2 speaker" />
    </path>

    <path name="compress-offload-playback2 speaker-and-headphones">
        <path name="compress-offload-playback2 headphones" />
        <path name="compress-offload-playback2 speaker" />
    </path>

    <path name="compress-offload-playback2 speaker-and-bt-sco">
        <path name="compress-offload-playback2 bt-sco" />
        <path name="compress-offload-playback2 speaker" />
    </path>

    <path name="compress-offload-playback2 speaker-and-bt-sco-wb">
        <path name="compress-offload-playback2 bt-sco-wb" />
        <path name="compress-offload-playback2 speaker" />
    </path>

    <path name="compress-offload-playback2 speaker-and-bt-a2dp">
        <path name="compress-offload-playback2 bt-a2dp" />
        <path name="compress-offload-playback2 speaker" />
    </path>


    <path name="compress-offload-playback3 speaker-and-display-port">
        <path name="compress-offload-playback3 display-port" />
        <path name="compress-offload-playback3 speaker" />
    </path>

    <path name="compress-offload-playback3 speaker-and-usb-headphones">
        <path name="compress-offload-playback3 usb-headphones" />
        <path name="compress-offload-playback3 speaker" />
    </path>

    <path name="compress-offload-playback3 speaker-and-headphones">
        <path name="compress-offload-playback3 headphones" />
        <path name="compress-offload-playback3 speaker" />
    </path>

    <path name="compress-offload-playback3 speaker-and-bt-sco">
        <path name="compress-offload-playback3 bt-sco" />
        <path name="compress-offload-playback3 speaker" />
    </path>

    <path name="compress-offload-playback3 speaker-and-bt-sco-wb">
        <path name="compress-offload-playback3 bt-sco-wb" />
        <path name="compress-offload-playback3 speaker" />
    </path>

    <path name="compress-offload-playback3 speaker-and-bt-a2dp">
        <path name="compress-offload-playback3 bt-a2dp" />
        <path name="compress-offload-playback3 speaker" />
    </path>

    <path name="compress-offload-playback4 speaker-and-display-port">
        <path name="compress-offload-playback4 display-port" />
        <path name="compress-offload-playback4 speaker" />
    </path>

    <path name="compress-offload-playback4 speaker-and-usb-headphones">
        <path name="compress-offload-playback4 usb-headphones" />
        <path name="compress-offload-playback4 speaker" />
    </path>

    <path name="compress-offload-playback4 speaker-and-headphones">
        <path name="compress-offload-playback4 headphones" />
        <path name="compress-offload-playback4 speaker" />
    </path>

    <path name="compress-offload-playback4 speaker-and-bt-sco">
        <path name="compress-offload-playback4 bt-sco" />
        <path name="compress-offload-playback4 speaker" />
    </path>

    <path name="compress-offload-playback4 speaker-and-bt-sco-wb">
        <path name="compress-offload-playback4 bt-sco-wb" />
        <path name="compress-offload-playback4 speaker" />
    </path>

    <path name="compress-offload-playback4 speaker-and-bt-a2dp">
        <path name="compress-offload-playback4 bt-a2dp" />
        <path name="compress-offload-playback4 speaker" />
    </path>

    <path name="compress-offload-playback5 speaker-and-display-port">
        <path name="compress-offload-playback5 display-port" />
        <path name="compress-offload-playback5 speaker" />
    </path>

    <path name="compress-offload-playback5 speaker-and-usb-headphones">
        <path name="compress-offload-playback5 usb-headphones" />
        <path name="compress-offload-playback5 speaker" />
    </path>

    <path name="compress-offload-playback5 speaker-and-headphones">
        <path name="compress-offload-playback5 headphones" />
        <path name="compress-offload-playback5 speaker" />
    </path>

    <path name="compress-offload-playback5 speaker-and-bt-sco">
        <path name="compress-offload-playback5 bt-sco" />
        <path name="compress-offload-playback5 speaker" />
    </path>

    <path name="compress-offload-playback5 speaker-and-bt-sco-wb">
        <path name="compress-offload-playback5 bt-sco-wb" />
        <path name="compress-offload-playback5 speaker" />
    </path>

    <path name="compress-offload-playback5 speaker-and-bt-a2dp">
        <path name="compress-offload-playback5 bt-a2dp" />
        <path name="compress-offload-playback5 speaker" />
    </path>

    <path name="compress-offload-playback6 speaker-and-display-port">
        <path name="compress-offload-playback6 display-port" />
        <path name="compress-offload-playback6 speaker" />
    </path>

    <path name="compress-offload-playback6 speaker-and-usb-headphones">
        <path name="compress-offload-playback6 usb-headphones" />
        <path name="compress-offload-playback6 speaker" />
    </path>

    <path name="compress-offload-playback6 speaker-and-headphones">
        <path name="compress-offload-playback6 headphones" />
        <path name="compress-offload-playback6 speaker" />
    </path>

    <path name="compress-offload-playback6 speaker-and-bt-sco">
        <path name="compress-offload-playback6 bt-sco" />
        <path name="compress-offload-playback6 speaker" />
    </path>

    <path name="compress-offload-playback6 speaker-and-bt-sco-wb">
        <path name="compress-offload-playback6 bt-sco-wb" />
        <path name="compress-offload-playback6 speaker" />
    </path>

    <path name="compress-offload-playback6 speaker-and-bt-a2dp">
        <path name="compress-offload-playback6 bt-a2dp" />
        <path name="compress-offload-playback6 speaker" />
    </path>

    <path name="compress-offload-playback7 speaker-and-display-port">
        <path name="compress-offload-playback7 display-port" />
        <path name="compress-offload-playback7 speaker" />
    </path>

    <path name="compress-offload-playback7 speaker-and-usb-headphones">
        <path name="compress-offload-playback7 usb-headphones" />
        <path name="compress-offload-playback7 speaker" />
    </path>

    <path name="compress-offload-playback7 speaker-and-headphones">
        <path name="compress-offload-playback7 headphones" />
        <path name="compress-offload-playback7 speaker" />
    </path>

    <path name="compress-offload-playback7 speaker-and-bt-sco">
        <path name="compress-offload-playback7 bt-sco" />
        <path name="compress-offload-playback7 speaker" />
    </path>

    <path name="compress-offload-playback7 speaker-and-bt-sco-wb">
        <path name="compress-offload-playback7 bt-sco-wb" />
        <path name="compress-offload-playback7 speaker" />
    </path>

    <path name="compress-offload-playback7 speaker-and-bt-a2dp">
        <path name="compress-offload-playback7 bt-a2dp" />
        <path name="compress-offload-playback7 speaker" />
    </path>

    <path name="compress-offload-playback8 speaker-and-display-port">
        <path name="compress-offload-playback8 display-port" />
        <path name="compress-offload-playback8 speaker" />
    </path>

    <path name="compress-offload-playback8 speaker-and-usb-headphones">
        <path name="compress-offload-playback8 usb-headphones" />
        <path name="compress-offload-playback8 speaker" />
    </path>

    <path name="compress-offload-playback8 speaker-and-headphones">
        <path name="compress-offload-playback8 headphones" />
        <path name="compress-offload-playback8 speaker" />
    </path>

    <path name="compress-offload-playback8 speaker-and-bt-sco">
        <path name="compress-offload-playback8 bt-sco" />
        <path name="compress-offload-playback8 speaker" />
    </path>

    <path name="compress-offload-playback8 speaker-and-bt-sco-wb">
        <path name="compress-offload-playback8 bt-sco-wb" />
        <path name="compress-offload-playback8 speaker" />
    </path>

    <path name="compress-offload-playback8 speaker-and-bt-a2dp">
        <path name="compress-offload-playback8 bt-a2dp" />
        <path name="compress-offload-playback8 speaker" />
    </path>

    <path name="compress-offload-playback9 speaker-and-display-port">
        <path name="compress-offload-playback9 display-port" />
        <path name="compress-offload-playback9 speaker" />
    </path>

    <path name="compress-offload-playback9 speaker-and-usb-headphones">
        <path name="compress-offload-playback9 usb-headphones" />
        <path name="compress-offload-playback9 speaker" />
    </path>

    <path name="compress-offload-playback9 speaker-and-headphones">
        <path name="compress-offload-playback9 headphones" />
        <path name="compress-offload-playback9 speaker" />
    </path>

    <path name="compress-offload-playback9 speaker-and-bt-sco">
        <path name="compress-offload-playback9 bt-sco" />
        <path name="compress-offload-playback9 speaker" />
    </path>

    <path name="compress-offload-playback9 speaker-and-bt-sco-wb">
        <path name="compress-offload-playback9 bt-sco-wb" />
        <path name="compress-offload-playback9 speaker" />
    </path>

    <path name="compress-offload-playback9 speaker-and-bt-a2dp">
        <path name="compress-offload-playback9 bt-a2dp" />
        <path name="compress-offload-playback9 speaker" />
    </path>

    <path name="echo-reference voip-earpiece">
        <ctl name="AUDIO_REF_EC_UL10 MUX" value="QUAT_MI2S_TX" />
    </path>

    <path name="echo-reference earpiece">
        <ctl name="AUDIO_REF_EC_UL1 MUX" value="QUAT_MI2S_TX" />
    </path>

    <path name="speaker-mono-2">
        <ctl name="QUAT_MI2S_RX Channels" value="One" />
        <ctl name="Configuration" value="12" />
    </path>

    <path name="voice-speaker">
        <path name="speaker-mono-2" />
        <ctl name="Configuration" value="12" />
    </path>

    <path name="speaker">
        <ctl name="Configuration" value="14" />
    </path>

    <path name="speaker-protected">
        <path name="speaker" />
    </path>

    <path name="voice-speaker-protected">
        <path name="speaker-mono" />
    </path>

    <path name="handset">
        <ctl name="QUAT_MI2S_RX Channels" value="One" />
        <ctl name="Configuration" value="13" />
        <ctl name="VBoost Volt" value="5.6V" />
        <ctl name="VBoost Ctrl" value="AlwaysOn" />
        <ctl name="TAS2559 DAC Playback Volume" value="7" />
    </path>

    <path name="handset-mic">
        <ctl name="AIF1_CAP Mixer SLIM TX7" value="1" />
        <ctl name="AIF1_CAP Mixer SLIM TX8" value="1" />
        <ctl name="CDC_IF TX7 MUX" value="DEC7" />
        <ctl name="ADC MUX7" value="AMIC" />
        <ctl name="AMIC MUX7" value="ADC3" />
        <ctl name="CDC_IF TX8 MUX" value="DEC8" />
        <ctl name="ADC MUX8" value="AMIC" />
        <ctl name="AMIC MUX8" value="ADC1" />
        <ctl name="SLIM_0_TX Channels" value="Two" />
        <ctl name="ADC3 Volume" value="6" />
        <ctl name="ADC1 Volume" value="6" />
    </path>

    <path name="amic2">
        <ctl name="AIF1_CAP Mixer SLIM TX0" value="1"/>
        <ctl name="SLIM_0_TX Channels" value="One" />
        <ctl name="CDC_IF TX0 MUX" value="DEC0" />
        <ctl name="ADC MUX0" value="AMIC" />
        <ctl name="AMIC MUX0" value="ADC2" />
    </path>

    <path name="voice-headset-mic">
        <path name="headset-mic" />
        <ctl name="ADC2 Volume" value="12" />
    </path>

    <!-- Dual MIC devices -->
    <path name="handset-dmic-endfire">
        <ctl name="AIF1_CAP Mixer SLIM TX7" value="1" />
        <ctl name="AIF1_CAP Mixer SLIM TX8" value="1" />
        <ctl name="CDC_IF TX7 MUX" value="DEC7" />
        <ctl name="ADC MUX7" value="AMIC" />
        <ctl name="AMIC MUX7" value="ADC3" />
        <ctl name="CDC_IF TX8 MUX" value="DEC8" />
        <ctl name="ADC MUX8" value="AMIC" />
        <ctl name="AMIC MUX8" value="ADC1" />
        <ctl name="SLIM_0_TX Channels" value="Two" />
    </path>

    <path name="speaker-dmic-endfire">
        <ctl name="AIF1_CAP Mixer SLIM TX7" value="1" />
        <ctl name="AIF1_CAP Mixer SLIM TX8" value="1" />
        <ctl name="CDC_IF TX7 MUX" value="DEC7" />
        <ctl name="ADC MUX7" value="AMIC" />
        <ctl name="AMIC MUX7" value="ADC3" />
        <ctl name="CDC_IF TX8 MUX" value="DEC8" />
        <ctl name="ADC MUX8" value="AMIC" />
        <ctl name="AMIC MUX8" value="ADC1" />
        <ctl name="SLIM_0_TX Channels" value="Two" />
    </path>

    <path name="handset-dmic-voice">
        <ctl name="AIF1_CAP Mixer SLIM TX7" value="1" />
        <ctl name="AIF1_CAP Mixer SLIM TX8" value="1" />
        <ctl name="CDC_IF TX7 MUX" value="DEC7" />
        <ctl name="ADC MUX7" value="AMIC" />
        <ctl name="AMIC MUX7" value="ADC3" />
        <ctl name="CDC_IF TX8 MUX" value="DEC8" />
        <ctl name="ADC MUX8" value="AMIC" />
        <ctl name="AMIC MUX8" value="ADC1" />
        <ctl name="SLIM_0_TX Channels" value="Two" />
        <ctl name="ADC3 Volume" value="8" />
        <ctl name="ADC1 Volume" value="8" />
    </path>

    <path name="handset-dmic-interview">
        <ctl name="AIF1_CAP Mixer SLIM TX7" value="1" />
        <ctl name="AIF1_CAP Mixer SLIM TX8" value="1" />
        <ctl name="CDC_IF TX7 MUX" value="DEC7" />
        <ctl name="ADC MUX7" value="AMIC" />
        <ctl name="AMIC MUX7" value="ADC3" />
        <ctl name="CDC_IF TX8 MUX" value="DEC8" />
        <ctl name="ADC MUX8" value="AMIC" />
        <ctl name="AMIC MUX8" value="ADC1" />
        <ctl name="SLIM_0_TX Channels" value="Two" />
        <ctl name="ADC3 Volume" value="12" />
        <ctl name="ADC1 Volume" value="12" />
    </path>

    <path name="handset-dmic-music">
        <ctl name="AIF1_CAP Mixer SLIM TX7" value="1" />
        <ctl name="AIF1_CAP Mixer SLIM TX8" value="1" />
        <ctl name="CDC_IF TX7 MUX" value="DEC7" />
        <ctl name="ADC MUX7" value="AMIC" />
        <ctl name="AMIC MUX7" value="ADC3" />
        <ctl name="CDC_IF TX8 MUX" value="DEC8" />
        <ctl name="ADC MUX8" value="AMIC" />
        <ctl name="AMIC MUX8" value="ADC1" />
        <ctl name="SLIM_0_TX Channels" value="Two" />
        <ctl name="ADC3 Volume" value="12" />
        <ctl name="ADC1 Volume" value="12" />
    </path>

    <path name="handset-stereo-dmic-ef">
        <ctl name="AIF1_CAP Mixer SLIM TX7" value="1" />
        <ctl name="AIF1_CAP Mixer SLIM TX8" value="1" />
        <ctl name="CDC_IF TX7 MUX" value="DEC7" />
        <ctl name="ADC MUX7" value="AMIC" />
        <ctl name="AMIC MUX7" value="ADC3" />
        <ctl name="CDC_IF TX8 MUX" value="DEC8" />
        <ctl name="ADC MUX8" value="AMIC" />
        <ctl name="AMIC MUX8" value="ADC1" />
        <ctl name="SLIM_0_TX Channels" value="Two" />
        <ctl name="ADC3 Volume" value="6" />
        <ctl name="ADC1 Volume" value="6" />
    </path>

    <path name="headset-mic">
        <path name="amic2" />
        <ctl name="External AMIC2 Mux" value="default" />
        <ctl name="ADC2 Volume" value="6" />
    </path>

    <path name="speaker-mic">
        <ctl name="AIF1_CAP Mixer SLIM TX8" value="1"/>
        <ctl name="SLIM_0_TX Channels" value="One" />
        <ctl name="CDC_IF TX8 MUX" value="DEC8" />
        <ctl name="ADC MUX8" value="AMIC" />
        <ctl name="AMIC MUX8" value="ADC1" />
        <ctl name="ADC1 Volume" value="6" />
    </path>

    <path name="camcorder-dmic">
        <ctl name="AIF1_CAP Mixer SLIM TX7" value="1" />
        <ctl name="AIF1_CAP Mixer SLIM TX8" value="1" />
        <ctl name="CDC_IF TX7 MUX" value="DEC7" />
        <ctl name="ADC MUX7" value="AMIC" />
        <ctl name="AMIC MUX7" value="ADC3" />
        <ctl name="CDC_IF TX8 MUX" value="DEC8" />
        <ctl name="ADC MUX8" value="AMIC" />
        <ctl name="AMIC MUX8" value="ADC1" />
        <ctl name="SLIM_0_TX Channels" value="Two" />
        <ctl name="ADC3 Volume" value="8" />
        <ctl name="ADC1 Volume" value="8" />
    </path>
</mixer>
