<manifest version="1.0" type="device" target-level="3">
    <hal format="hidl">
        <name>android.hardware.gnss</name>
        <transport>hwbinder</transport>
        <version>1.0</version>
        <interface>
            <name>IGnss</name>
            <instance>default</instance>
        </interface>
        <fqname>@1.0::IGnss/gnss_vendor</fqname>
    </hal>
    <hal format="hidl">
        <name>android.hardware.keymaster</name>
        <transport>hwbinder</transport>
        <version>3.0</version>
        <interface>
            <name>IKeymasterDevice</name>
            <instance>default</instance>
        </interface>
    </hal>
    <hal format="hidl">
        <name>vendor.goodix.hardware.biometrics.fingerprint</name>
        <transport>hwbinder</transport>
        <version>2.1</version>
        <interface>
            <name>IGoodixFingerprintDaemon</name>
            <instance>default</instance>
        </interface>
        <interface>
            <name>IGoodixFingerprintDaemonExt</name>
            <instance>default</instance>
        </interface>
        <interface>
            <name>IGoodixFingerprintDaemonFido</name>
            <instance>default</instance>
        </interface>
        <interface>
            <name>IGoodixFingerprintDaemonHbd</name>
            <instance>default</instance>
        </interface>
    </hal>
    <hal format="hidl">
        <name>vendor.goodix.hardware.fingerprintextension</name>
        <transport>hwbinder</transport>
        <version>1.0</version>
        <interface>
            <name>IGoodixBiometricsFingerprint</name>
            <instance>default</instance>
        </interface>
    </hal>
    <hal format="hidl">
        <name>vendor.lineage.livedisplay</name>
        <transport>hwbinder</transport>
        <version>2.0</version>
        <interface>
            <name>IDisplayModes</name>
            <instance>default</instance>
        </interface>
        <interface>
            <name>IPictureAdjustment</name>
            <instance>default</instance>
        </interface>
    </hal>
    <hal format="hidl">
        <name>vendor.qti.gnss</name>
        <transport>hwbinder</transport>
        <version>1.2</version>
        <interface>
            <name>ILocHidlGnss</name>
            <instance>gnss_vendor</instance>
        </interface>
    </hal>
    <hal format="hidl">
        <name>vendor.qti.gnss</name>
        <transport>hwbinder</transport>
        <version>2.0</version>
        <interface>
            <name>ILocHidlGnss</name>
            <instance>gnss_vendor</instance>
        </interface>
    </hal>
    <hal format="hidl">
        <name>vendor.qti.hardware.cryptfshw</name>
        <transport>hwbinder</transport>
        <version>1.0</version>
        <interface>
            <name>ICryptfsHw</name>
            <instance>default</instance>
        </interface>
    </hal>
    <hal format="hidl">
        <name>vendor.qti.hardware.fm</name>
        <transport>hwbinder</transport>
        <version>1.0</version>
        <interface>
            <name>IFmHci</name>
            <instance>default</instance>
        </interface>
    </hal>
</manifest>
